<?xml version = '1.0' encoding = 'UTF-8'?>
<Entity class="oracle.dbtools.crest.model.design.logical.Entity" directorySegmentName="seg_0" id="58A69625-AC12-B333-40A8-E1AB93246C2A" name="PERSONA">
<createdBy>marce</createdBy>
<createdTime>2025-08-14 17:48:19 UTC</createdTime>
<ownerDesignName>Tarea Semanal S1</ownerDesignName>
<engineerTo>
<item key="42D8C813-AEB4-0382-6020-0F1691A9889B" value="true"/>
</engineerTo>
<adequatelyNormalized>NO</adequatelyNormalized>
<expectedVolumes>0</expectedVolumes>
<fwdEngineeringStrategyName>Single Table</fwdEngineeringStrategyName>
<growthPercent>0</growthPercent>
<growthType>Year</growthType>
<maxVolumes>9999999</maxVolumes>
<minVolumes>0</minVolumes>
<normalForm>Third</normalForm>
<attributes itemClass="oracle.dbtools.crest.model.design.logical.Attribute">
<Attribute name="ID_PERSONA" id="F1AF026D-1768-8B36-558B-92B8A1FEC421">
<createdBy>marce</createdBy>
<createdTime>2025-08-14 17:51:26 UTC</createdTime>
<ownerDesignName>Tarea Semanal S1</ownerDesignName>
<engineerTo>
<item key="42D8C813-AEB4-0382-6020-0F1691A9889B" value="true"/>
</engineerTo>
<use>0</use>
<ownDataTypeParameters>,,</ownDataTypeParameters>
</Attribute>
<Attribute name="NOMBRE" id="2FA5C53F-A2F0-1F6B-8739-42668A6C2440">
<createdBy>marce</createdBy>
<createdTime>2025-08-14 17:51:37 UTC</createdTime>
<ownerDesignName>Tarea Semanal S1</ownerDesignName>
<engineerTo>
<item key="42D8C813-AEB4-0382-6020-0F1691A9889B" value="true"/>
</engineerTo>
<useDomainConstraints>false</useDomainConstraints>
<use>1</use>
<logicalDatatype>LOGDT024</logicalDatatype>
<ownDataTypeParameters>,,</ownDataTypeParameters>
</Attribute>
<Attribute name="TELEFONO" id="5502C442-4052-7BE4-1BEB-FAE748BA4805">
<createdBy>marce</createdBy>
<createdTime>2025-08-14 17:51:52 UTC</createdTime>
<ownerDesignName>Tarea Semanal S1</ownerDesignName>
<engineerTo>
<item key="42D8C813-AEB4-0382-6020-0F1691A9889B" value="true"/>
</engineerTo>
<nullsAllowed>true</nullsAllowed>
<useDomainConstraints>false</useDomainConstraints>
<use>1</use>
<logicalDatatype>LOGDT024</logicalDatatype>
<ownDataTypeParameters>,,</ownDataTypeParameters>
</Attribute>
<Attribute name="EMAIL" id="7D5BF193-5FDC-580C-DA68-C95027E710F5">
<createdBy>marce</createdBy>
<createdTime>2025-08-14 17:52:26 UTC</createdTime>
<ownerDesignName>Tarea Semanal S1</ownerDesignName>
<engineerTo>
<item key="42D8C813-AEB4-0382-6020-0F1691A9889B" value="true"/>
</engineerTo>
<nullsAllowed>true</nullsAllowed>
<useDomainConstraints>false</useDomainConstraints>
<use>1</use>
<logicalDatatype>LOGDT024</logicalDatatype>
<ownDataTypeParameters>,,</ownDataTypeParameters>
</Attribute>
<Attribute name="FECHA_NACIMIENTO" id="2843998C-EC52-98E0-5CA3-56F08DC00AB1">
<createdBy>marce</createdBy>
<createdTime>2025-08-14 17:52:38 UTC</createdTime>
<ownerDesignName>Tarea Semanal S1</ownerDesignName>
<engineerTo>
<item key="42D8C813-AEB4-0382-6020-0F1691A9889B" value="true"/>
</engineerTo>
<useDomainConstraints>false</useDomainConstraints>
<use>1</use>
<logicalDatatype>LOGDT007</logicalDatatype>
<ownDataTypeParameters>,,</ownDataTypeParameters>
</Attribute>
<Attribute name="NACIONALIDAD" id="A3D99CCD-86C8-D3EC-ADB9-BD97394E0092">
<createdBy>marce</createdBy>
<createdTime>2025-08-14 17:52:52 UTC</createdTime>
<ownerDesignName>Tarea Semanal S1</ownerDesignName>
<engineerTo>
<item key="42D8C813-AEB4-0382-6020-0F1691A9889B" value="true"/>
</engineerTo>
<useDomainConstraints>false</useDomainConstraints>
<use>1</use>
<logicalDatatype>LOGDT024</logicalDatatype>
<ownDataTypeParameters>,,</ownDataTypeParameters>
</Attribute>
</attributes>
<identifiers itemClass="oracle.dbtools.crest.model.design.logical.CandidateKey">
<identifier id="68C96667-2E0B-85D4-D230-4D193D634920" name="PERSONA PK">
<createdBy>marce</createdBy>
<createdTime>2025-08-14 17:58:28 UTC</createdTime>
<ownerDesignName>Tarea Semanal S1</ownerDesignName>
<engineerTo>
<item key="42D8C813-AEB4-0382-6020-0F1691A9889B" value="true"/>
</engineerTo>
<pk>true</pk>
<usedAttributes>
<attributeRef>F1AF026D-1768-8B36-558B-92B8A1FEC421</attributeRef>
</usedAttributes>
</identifier>
</identifiers>
</Entity>