<?xml version = '1.0' encoding = 'UTF-8'?>
<Entity class="oracle.dbtools.crest.model.design.logical.Entity" directorySegmentName="seg_0" id="707E6516-06D7-D0DC-7CCC-8A438C9E3605" name="RESERVA">
<createdBy>marce</createdBy>
<createdTime>2025-08-14 18:04:52 UTC</createdTime>
<ownerDesignName>Tarea Semanal S1</ownerDesignName>
<engineerTo>
<item key="42D8C813-AEB4-0382-6020-0F1691A9889B" value="true"/>
</engineerTo>
<adequatelyNormalized>NO</adequatelyNormalized>
<expectedVolumes>0</expectedVolumes>
<fwdEngineeringStrategyName>Single Table</fwdEngineeringStrategyName>
<growthPercent>0</growthPercent>
<growthType>Year</growthType>
<maxVolumes>9999999</maxVolumes>
<minVolumes>0</minVolumes>
<normalForm>Third</normalForm>
<attributes itemClass="oracle.dbtools.crest.model.design.logical.Attribute">
<Attribute name="ID_RESERVA" id="A95E2472-C6F7-C3B2-1E55-EE66F760CC9E">
<createdBy>marce</createdBy>
<createdTime>2025-08-14 18:05:46 UTC</createdTime>
<ownerDesignName>Tarea Semanal S1</ownerDesignName>
<engineerTo>
<item key="42D8C813-AEB4-0382-6020-0F1691A9889B" value="true"/>
</engineerTo>
<useDomainConstraints>false</useDomainConstraints>
<use>0</use>
<ownDataTypeParameters>,,</ownDataTypeParameters>
</Attribute>
<Attribute name="NUMERO_RESERVA" id="BE467798-D625-E39C-4EFB-66D6B40C5CE2">
<createdBy>marce</createdBy>
<createdTime>2025-08-14 18:05:56 UTC</createdTime>
<ownerDesignName>Tarea Semanal S1</ownerDesignName>
<engineerTo>
<item key="42D8C813-AEB4-0382-6020-0F1691A9889B" value="true"/>
</engineerTo>
<useDomainConstraints>false</useDomainConstraints>
<use>1</use>
<logicalDatatype>LOGDT024</logicalDatatype>
<ownDataTypeParameters>,,</ownDataTypeParameters>
</Attribute>
<Attribute name="ESTADO" id="EED3A9EA-24A4-9031-3FE5-31E83565232A">
<createdBy>marce</createdBy>
<createdTime>2025-08-14 18:54:30 UTC</createdTime>
<commentInRDBMS><![CDATA[C para confirmada
N para nula]]></commentInRDBMS>
<ownerDesignName>Tarea Semanal S1</ownerDesignName>
<engineerTo>
<item key="42D8C813-AEB4-0382-6020-0F1691A9889B" value="true"/>
</engineerTo>
<useDomainConstraints>false</useDomainConstraints>
<use>1</use>
<logicalDatatype>LOGDT025</logicalDatatype>
<ownDataTypeParameters>,,</ownDataTypeParameters>
</Attribute>
<Attribute name="FECHA_RESERVA" id="D23DF472-F92B-FECC-CD5B-ADCD32F79A04">
<createdBy>marce</createdBy>
<createdTime>2025-08-16 09:17:32 UTC</createdTime>
<ownerDesignName>Tarea Semanal S1</ownerDesignName>
<engineerTo>
<item key="42D8C813-AEB4-0382-6020-0F1691A9889B" value="true"/>
</engineerTo>
<useDomainConstraints>false</useDomainConstraints>
<use>1</use>
<logicalDatatype>LOGDT007</logicalDatatype>
<ownDataTypeParameters>,,</ownDataTypeParameters>
</Attribute>
<Attribute name="FECHA_VIAJE" id="BD96A712-3D4B-7B96-45AB-A21A976D59EE">
<createdBy>marce</createdBy>
<createdTime>2025-08-16 09:17:47 UTC</createdTime>
<ownerDesignName>Tarea Semanal S1</ownerDesignName>
<engineerTo>
<item key="42D8C813-AEB4-0382-6020-0F1691A9889B" value="true"/>
</engineerTo>
<useDomainConstraints>false</useDomainConstraints>
<use>1</use>
<logicalDatatype>LOGDT007</logicalDatatype>
<ownDataTypeParameters>,,</ownDataTypeParameters>
</Attribute>
<Attribute name="ID_PERSONA_PASAJERO" id="33E093D4-2C14-1673-9CA8-814DCCE2922F">
<createdBy>marce</createdBy>
<createdTime>2025-08-16 09:17:58 UTC</createdTime>
<ownerDesignName>Tarea Semanal S1</ownerDesignName>
<engineerTo>
<item key="42D8C813-AEB4-0382-6020-0F1691A9889B" value="true"/>
</engineerTo>
<useDomainConstraints>false</useDomainConstraints>
<use>1</use>
<logicalDatatype>LOGDT019</logicalDatatype>
<ownDataTypeParameters>,,</ownDataTypeParameters>
</Attribute>
<Attribute name="ID_PERSONA_EMPLEADO" id="EA59CD1F-5095-4E70-25C3-6ADC3FC0D51A">
<createdBy>marce</createdBy>
<createdTime>2025-08-16 09:18:29 UTC</createdTime>
<ownerDesignName>Tarea Semanal S1</ownerDesignName>
<engineerTo>
<item key="42D8C813-AEB4-0382-6020-0F1691A9889B" value="true"/>
</engineerTo>
<useDomainConstraints>false</useDomainConstraints>
<use>1</use>
<logicalDatatype>LOGDT019</logicalDatatype>
<ownDataTypeParameters>,,</ownDataTypeParameters>
</Attribute>
<Attribute name="ID_VUELO" id="98A07420-BAD7-4631-E885-5B77789F60CA">
<createdBy>marce</createdBy>
<createdTime>2025-08-16 09:18:45 UTC</createdTime>
<ownerDesignName>Tarea Semanal S1</ownerDesignName>
<engineerTo>
<item key="42D8C813-AEB4-0382-6020-0F1691A9889B" value="true"/>
</engineerTo>
<useDomainConstraints>false</useDomainConstraints>
<use>1</use>
<logicalDatatype>LOGDT019</logicalDatatype>
<ownDataTypeParameters>,,</ownDataTypeParameters>
</Attribute>
</attributes>
<identifiers itemClass="oracle.dbtools.crest.model.design.logical.CandidateKey">
<identifier id="9390EF63-84F2-40F5-0075-44AB8F22CAAE" name="RESERVA PK">
<createdBy>marce</createdBy>
<createdTime>2025-08-14 18:05:52 UTC</createdTime>
<ownerDesignName>Tarea Semanal S1</ownerDesignName>
<engineerTo>
<item key="42D8C813-AEB4-0382-6020-0F1691A9889B" value="true"/>
</engineerTo>
<pk>true</pk>
<usedAttributes>
<attributeRef>A95E2472-C6F7-C3B2-1E55-EE66F760CC9E</attributeRef>
</usedAttributes>
</identifier>
</identifiers>
</Entity>