<?xml version = '1.0' encoding = 'UTF-8'?>
<Entity class="oracle.dbtools.crest.model.design.logical.Entity" directorySegmentName="seg_0" id="B390910A-1CAC-7858-7016-A6331472314D" name="EMPLEADO">
<createdBy>marce</createdBy>
<createdTime>2025-08-14 17:48:33 UTC</createdTime>
<ownerDesignName>Tarea Semanal S1</ownerDesignName>
<engineerTo>
<item key="42D8C813-AEB4-0382-6020-0F1691A9889B" value="true"/>
</engineerTo>
<adequatelyNormalized>NO</adequatelyNormalized>
<expectedVolumes>0</expectedVolumes>
<fwdEngineeringStrategyName>Single Table</fwdEngineeringStrategyName>
<growthPercent>0</growthPercent>
<growthType>Year</growthType>
<maxVolumes>9999999</maxVolumes>
<minVolumes>0</minVolumes>
<normalForm>Third</normalForm>
<attributes itemClass="oracle.dbtools.crest.model.design.logical.Attribute">
<Attribute name="ID_EMPLEADO" id="652B96A0-4B4A-7246-8463-DB1C54C1AC61">
<createdBy>marce</createdBy>
<createdTime>2025-08-14 18:00:41 UTC</createdTime>
<ownerDesignName>Tarea Semanal S1</ownerDesignName>
<engineerTo>
<item key="42D8C813-AEB4-0382-6020-0F1691A9889B" value="true"/>
</engineerTo>
<use>0</use>
<ownDataTypeParameters>,,</ownDataTypeParameters>
</Attribute>
<Attribute name="RUT" id="A0739D06-6B1A-4B30-CE26-9B898A756695">
<createdBy>marce</createdBy>
<createdTime>2025-08-14 18:00:50 UTC</createdTime>
<ownerDesignName>Tarea Semanal S1</ownerDesignName>
<engineerTo>
<item key="42D8C813-AEB4-0382-6020-0F1691A9889B" value="true"/>
</engineerTo>
<useDomainConstraints>false</useDomainConstraints>
<use>1</use>
<logicalDatatype>LOGDT024</logicalDatatype>
<ownDataTypeParameters>,,</ownDataTypeParameters>
</Attribute>
<Attribute name="DIRECCION" id="0800B63F-E0A4-C595-C49A-78E0F0F389AD">
<createdBy>marce</createdBy>
<createdTime>2025-08-16 09:12:28 UTC</createdTime>
<ownerDesignName>Tarea Semanal S1</ownerDesignName>
<engineerTo>
<item key="42D8C813-AEB4-0382-6020-0F1691A9889B" value="true"/>
</engineerTo>
<useDomainConstraints>false</useDomainConstraints>
<use>1</use>
<logicalDatatype>LOGDT024</logicalDatatype>
<ownDataTypeParameters>,,</ownDataTypeParameters>
</Attribute>
<Attribute name="SUELDO_BASE" id="ACB7FB46-9F44-10D6-08F4-27823AB57D88">
<createdBy>marce</createdBy>
<createdTime>2025-08-16 09:12:45 UTC</createdTime>
<ownerDesignName>Tarea Semanal S1</ownerDesignName>
<engineerTo>
<item key="42D8C813-AEB4-0382-6020-0F1691A9889B" value="true"/>
</engineerTo>
<useDomainConstraints>false</useDomainConstraints>
<use>1</use>
<logicalDatatype>LOGDT019</logicalDatatype>
<ownDataTypeParameters>,,</ownDataTypeParameters>
</Attribute>
<Attribute name="FECHA_INGRESO" id="F75320A0-DD84-31F4-85E2-DE83AFA2284D">
<createdBy>marce</createdBy>
<createdTime>2025-08-16 09:13:12 UTC</createdTime>
<ownerDesignName>Tarea Semanal S1</ownerDesignName>
<engineerTo>
<item key="42D8C813-AEB4-0382-6020-0F1691A9889B" value="true"/>
</engineerTo>
<useDomainConstraints>false</useDomainConstraints>
<use>1</use>
<logicalDatatype>LOGDT007</logicalDatatype>
<ownDataTypeParameters>,,</ownDataTypeParameters>
</Attribute>
<Attribute name="GENERO" id="29A82974-EC2D-38D6-16D9-2596D4E2A335">
<createdBy>marce</createdBy>
<createdTime>2025-08-16 09:13:31 UTC</createdTime>
<comment><![CDATA[M para masculino
F para femenino
O para otros]]></comment>
<ownerDesignName>Tarea Semanal S1</ownerDesignName>
<engineerTo>
<item key="42D8C813-AEB4-0382-6020-0F1691A9889B" value="true"/>
</engineerTo>
<useDomainConstraints>false</useDomainConstraints>
<use>1</use>
<logicalDatatype>LOGDT025</logicalDatatype>
<ownDataTypeParameters>,,</ownDataTypeParameters>
</Attribute>
<Attribute name="TEL_MOVIL" id="90DD4529-A194-5649-AFD0-0B4175794E3F">
<createdBy>marce</createdBy>
<createdTime>2025-08-16 09:14:12 UTC</createdTime>
<ownerDesignName>Tarea Semanal S1</ownerDesignName>
<engineerTo>
<item key="42D8C813-AEB4-0382-6020-0F1691A9889B" value="true"/>
</engineerTo>
<nullsAllowed>true</nullsAllowed>
<useDomainConstraints>false</useDomainConstraints>
<use>1</use>
<logicalDatatype>LOGDT024</logicalDatatype>
<ownDataTypeParameters>,,</ownDataTypeParameters>
</Attribute>
<Attribute name="TEL_CONTACTO" id="0F129E96-C6D2-BFB8-B2F5-A4230404BCFE">
<createdBy>marce</createdBy>
<createdTime>2025-08-16 09:14:32 UTC</createdTime>
<ownerDesignName>Tarea Semanal S1</ownerDesignName>
<engineerTo>
<item key="42D8C813-AEB4-0382-6020-0F1691A9889B" value="true"/>
</engineerTo>
<useDomainConstraints>false</useDomainConstraints>
<use>1</use>
<logicalDatatype>LOGDT024</logicalDatatype>
<ownDataTypeParameters>,,</ownDataTypeParameters>
</Attribute>
</attributes>
<identifiers itemClass="oracle.dbtools.crest.model.design.logical.CandidateKey">
<identifier id="E5F9E484-0202-A9F7-B5D7-F2958932BF41" name="EMPLEADO PK">
<createdBy>marce</createdBy>
<createdTime>2025-08-14 18:00:47 UTC</createdTime>
<ownerDesignName>Tarea Semanal S1</ownerDesignName>
<engineerTo>
<item key="42D8C813-AEB4-0382-6020-0F1691A9889B" value="true"/>
</engineerTo>
<pk>true</pk>
<usedAttributes>
<attributeRef>652B96A0-4B4A-7246-8463-DB1C54C1AC61</attributeRef>
</usedAttributes>
</identifier>
</identifiers>
</Entity>