<?xml version = '1.0' encoding = 'UTF-8'?>
<Entity class="oracle.dbtools.crest.model.design.logical.Entity" directorySegmentName="seg_0" id="C1C353CC-A2BE-AC42-4FD5-06477E3C56D1" name="VUELO">
<createdBy>marce</createdBy>
<createdTime>2025-08-14 17:48:59 UTC</createdTime>
<ownerDesignName>Tarea Semanal S1</ownerDesignName>
<engineerTo>
<item key="42D8C813-AEB4-0382-6020-0F1691A9889B" value="true"/>
</engineerTo>
<adequatelyNormalized>NO</adequatelyNormalized>
<expectedVolumes>0</expectedVolumes>
<fwdEngineeringStrategyName>Single Table</fwdEngineeringStrategyName>
<growthPercent>0</growthPercent>
<growthType>Year</growthType>
<maxVolumes>9999999</maxVolumes>
<minVolumes>0</minVolumes>
<normalForm>Third</normalForm>
<attributes itemClass="oracle.dbtools.crest.model.design.logical.Attribute">
<Attribute name="ID_VUELO" id="10714451-C51A-5D0E-E8C6-FB9B827EC383">
<createdBy>marce</createdBy>
<createdTime>2025-08-14 18:06:42 UTC</createdTime>
<ownerDesignName>Tarea Semanal S1</ownerDesignName>
<engineerTo>
<item key="42D8C813-AEB4-0382-6020-0F1691A9889B" value="true"/>
</engineerTo>
<useDomainConstraints>false</useDomainConstraints>
<use>0</use>
<ownDataTypeParameters>,,</ownDataTypeParameters>
</Attribute>
<Attribute name="NUMERO_VUELO" id="FA89134A-C5DD-FAB1-F31C-203D35AD8617">
<createdBy>marce</createdBy>
<createdTime>2025-08-14 18:06:50 UTC</createdTime>
<ownerDesignName>Tarea Semanal S1</ownerDesignName>
<engineerTo>
<item key="42D8C813-AEB4-0382-6020-0F1691A9889B" value="true"/>
</engineerTo>
<useDomainConstraints>false</useDomainConstraints>
<use>1</use>
<logicalDatatype>LOGDT024</logicalDatatype>
<ownDataTypeParameters>,,</ownDataTypeParameters>
</Attribute>
<Attribute name="FECHA_DESPEGUE" id="C06E50D5-E250-C118-79BA-EACD06276C90">
<createdBy>marce</createdBy>
<createdTime>2025-08-14 18:07:09 UTC</createdTime>
<ownerDesignName>Tarea Semanal S1</ownerDesignName>
<engineerTo>
<item key="42D8C813-AEB4-0382-6020-0F1691A9889B" value="true"/>
</engineerTo>
<useDomainConstraints>false</useDomainConstraints>
<use>1</use>
<logicalDatatype>LOGDT007</logicalDatatype>
<ownDataTypeParameters>,,</ownDataTypeParameters>
</Attribute>
<Attribute name="FECHA_LLEGADA" id="889B38F8-997A-161D-F953-FB3EAA43577F">
<createdBy>marce</createdBy>
<createdTime>2025-08-14 18:07:42 UTC</createdTime>
<ownerDesignName>Tarea Semanal S1</ownerDesignName>
<engineerTo>
<item key="42D8C813-AEB4-0382-6020-0F1691A9889B" value="true"/>
</engineerTo>
<useDomainConstraints>false</useDomainConstraints>
<use>1</use>
<logicalDatatype>LOGDT007</logicalDatatype>
<ownDataTypeParameters>,,</ownDataTypeParameters>
</Attribute>
<Attribute name="HORA_SALIDA" id="7E067A29-CC96-ED11-6D12-EB3087927BF4">
<createdBy>marce</createdBy>
<createdTime>2025-08-14 18:07:53 UTC</createdTime>
<ownerDesignName>Tarea Semanal S1</ownerDesignName>
<engineerTo>
<item key="42D8C813-AEB4-0382-6020-0F1691A9889B" value="true"/>
</engineerTo>
<useDomainConstraints>false</useDomainConstraints>
<use>1</use>
<logicalDatatype>LOGDT015</logicalDatatype>
<ownDataTypeParameters>,,</ownDataTypeParameters>
</Attribute>
<Attribute name="ORIGEN" id="773488F6-27D3-9BAF-435F-F428DED47361">
<createdBy>marce</createdBy>
<createdTime>2025-08-16 09:15:49 UTC</createdTime>
<ownerDesignName>Tarea Semanal S1</ownerDesignName>
<engineerTo>
<item key="42D8C813-AEB4-0382-6020-0F1691A9889B" value="true"/>
</engineerTo>
<useDomainConstraints>false</useDomainConstraints>
<use>1</use>
<logicalDatatype>LOGDT025</logicalDatatype>
<ownDataTypeParameters>,,</ownDataTypeParameters>
</Attribute>
<Attribute name="DESTINO" id="07B6FAA5-9EC9-EC4E-F1FF-3EA6C3CB5B0E">
<createdBy>marce</createdBy>
<createdTime>2025-08-16 09:16:05 UTC</createdTime>
<ownerDesignName>Tarea Semanal S1</ownerDesignName>
<engineerTo>
<item key="42D8C813-AEB4-0382-6020-0F1691A9889B" value="true"/>
</engineerTo>
<useDomainConstraints>false</useDomainConstraints>
<use>1</use>
<logicalDatatype>LOGDT025</logicalDatatype>
<ownDataTypeParameters>,,</ownDataTypeParameters>
</Attribute>
</attributes>
<identifiers itemClass="oracle.dbtools.crest.model.design.logical.CandidateKey">
<identifier id="89868EF3-C71B-4BA1-B253-A7EAB4F370CE" name="VUELO PK">
<createdBy>marce</createdBy>
<createdTime>2025-08-14 18:06:46 UTC</createdTime>
<ownerDesignName>Tarea Semanal S1</ownerDesignName>
<engineerTo>
<item key="42D8C813-AEB4-0382-6020-0F1691A9889B" value="true"/>
</engineerTo>
<pk>true</pk>
<usedAttributes>
<attributeRef>10714451-C51A-5D0E-E8C6-FB9B827EC383</attributeRef>
</usedAttributes>
</identifier>
</identifiers>
</Entity>