<?xml version = '1.0' encoding = 'UTF-8'?>
<Entity class="oracle.dbtools.crest.model.design.logical.Entity" directorySegmentName="seg_0" id="EEC080F2-86A8-D27C-FA47-5D80B4AA9345" name="PASAJERO">
<createdBy>marce</createdBy>
<createdTime>2025-08-14 17:48:36 UTC</createdTime>
<ownerDesignName>Tarea Semanal S1</ownerDesignName>
<engineerTo>
<item key="42D8C813-AEB4-0382-6020-0F1691A9889B" value="true"/>
</engineerTo>
<adequatelyNormalized>NO</adequatelyNormalized>
<expectedVolumes>0</expectedVolumes>
<fwdEngineeringStrategyName>Single Table</fwdEngineeringStrategyName>
<growthPercent>0</growthPercent>
<growthType>Year</growthType>
<maxVolumes>9999999</maxVolumes>
<minVolumes>0</minVolumes>
<normalForm>Third</normalForm>
<attributes itemClass="oracle.dbtools.crest.model.design.logical.Attribute">
<Attribute name="ID_PASAJERO" id="1B561D72-E1F6-437C-3BCB-C683E4323964">
<createdBy>marce</createdBy>
<createdTime>2025-08-14 17:57:03 UTC</createdTime>
<ownerDesignName>Tarea Semanal S1</ownerDesignName>
<engineerTo>
<item key="42D8C813-AEB4-0382-6020-0F1691A9889B" value="true"/>
</engineerTo>
<useDomainConstraints>false</useDomainConstraints>
<use>0</use>
<ownDataTypeParameters>,,</ownDataTypeParameters>
</Attribute>
<Attribute name="TIPO_DOCUMENTO" id="F36DE30E-86AE-CA8A-AC8E-94373A0C5292">
<createdBy>marce</createdBy>
<createdTime>2025-08-14 17:57:44 UTC</createdTime>
<comment><![CDATA[P para pasaporte
C para cedula]]></comment>
<ownerDesignName>Tarea Semanal S1</ownerDesignName>
<engineerTo>
<item key="42D8C813-AEB4-0382-6020-0F1691A9889B" value="true"/>
</engineerTo>
<useDomainConstraints>false</useDomainConstraints>
<use>1</use>
<logicalDatatype>LOGDT025</logicalDatatype>
<ownDataTypeParameters>,,</ownDataTypeParameters>
</Attribute>
<Attribute name="NUMERO_DOCUMENTO" id="6F3BF23D-DD22-2C99-0C06-B1780E6C899D">
<createdBy>marce</createdBy>
<createdTime>2025-08-14 18:02:25 UTC</createdTime>
<ownerDesignName>Tarea Semanal S1</ownerDesignName>
<engineerTo>
<item key="42D8C813-AEB4-0382-6020-0F1691A9889B" value="true"/>
</engineerTo>
<useDomainConstraints>false</useDomainConstraints>
<use>1</use>
<logicalDatatype>LOGDT024</logicalDatatype>
<ownDataTypeParameters>,,</ownDataTypeParameters>
</Attribute>
</attributes>
<identifiers itemClass="oracle.dbtools.crest.model.design.logical.CandidateKey">
<identifier id="AF756AE5-9577-0AA7-18A7-7C9B8B8FA5D3" name="PASAJERO PK">
<createdBy>marce</createdBy>
<createdTime>2025-08-14 17:58:21 UTC</createdTime>
<ownerDesignName>Tarea Semanal S1</ownerDesignName>
<engineerTo>
<item key="42D8C813-AEB4-0382-6020-0F1691A9889B" value="true"/>
</engineerTo>
<pk>true</pk>
<usedAttributes>
<attributeRef>1B561D72-E1F6-437C-3BCB-C683E4323964</attributeRef>
</usedAttributes>
</identifier>
</identifiers>
</Entity>