<?xml version = '1.0' encoding = 'UTF-8'?>
<Diagram class="oracle.dbtools.crest.swingui.logical.DPVLogical" name="Logical" id="609DF4BC-E3B1-EBEE-B700-5A9B3766B7E8">
<createdBy>marce</createdBy>
<modifiedBy>marce</modifiedBy>
<createdTime>2025-08-14 17:48:01 UTC</createdTime>
<autoRoute>false</autoRoute>
<boxInbox>true</boxInbox>
<showLegend>false</showLegend>
<showLabels>false</showLabels>
<showRelAttributes>false</showRelAttributes>
<gridEnabled>false</gridEnabled>
<showGrid>false</showGrid>
<diagramColor>-1</diagramColor>
<display>false</display>
<notation>1</notation>
<objectViews>
<OView class="oracle.dbtools.crest.swingui.logical.TVEntity" oid="58A69625-AC12-B333-40A8-E1AB93246C2A" otype="Entity" vid="83316663-0437-8389-45DC-7598C75EDFD5">
<hideElementsInCurrentOnly>false</hideElementsInCurrentOnly>
<bounds x="205" y="174" width="211" height="129"/>
</OView>
<OView class="oracle.dbtools.crest.swingui.logical.TVEntity" oid="707E6516-06D7-D0DC-7CCC-8A438C9E3605" otype="Entity" vid="57CE2778-FD56-7E3A-DD27-6CF4B1D1429A">
<hideElementsInCurrentOnly>false</hideElementsInCurrentOnly>
<bounds x="683" y="57" width="248" height="160"/>
</OView>
<OView class="oracle.dbtools.crest.swingui.logical.TVEntity" oid="B390910A-1CAC-7858-7016-A6331472314D" otype="Entity" vid="CA3389B0-8B3E-D6E8-101F-5641D6088AA7">
<hideElementsInCurrentOnly>false</hideElementsInCurrentOnly>
<bounds x="456" y="239" width="220" height="160"/>
</OView>
<OView class="oracle.dbtools.crest.swingui.logical.TVEntity" oid="C1C353CC-A2BE-AC42-4FD5-06477E3C56D1" otype="Entity" vid="F2C6542D-D012-461D-327B-F4C869EB498F">
<hideElementsInCurrentOnly>false</hideElementsInCurrentOnly>
<bounds x="691" y="247" width="209" height="145"/>
</OView>
<OView class="oracle.dbtools.crest.swingui.logical.TVEntity" oid="EEC080F2-86A8-D27C-FA47-5D80B4AA9345" otype="Entity" vid="A32A7F21-8C42-94C1-9A2E-F0AC6B585A2E">
<hideElementsInCurrentOnly>false</hideElementsInCurrentOnly>
<bounds x="455" y="99" width="219" height="110"/>
</OView>
</objectViews>
</Diagram>